SNP_ID,B_ALLELE_FREQ,TRUE_GENOTYPE,SAMPLE_ID,GENO_ERROR,INTENSITY_A,INTENSITY_B,A_ALLELE,B_ALLELE,GENOTYPE
SNP_004,0.5,TT,101,FALSE,NA,NA,T,C,NA
SNP_010,0.5,CG,101,FALSE,0.606279595,0.587184952,G,C,CG
SNP_011,0.5,AT,101,FALSE,0.687706168,0.724138062,T,A,AT
SNP_012,0.5,TT,101,FALSE,0.92383118,-0.014573305,T,C,TT
SNP_015,0.5,CC,101,FALSE,0.970722976,0.14145028,C,A,CC
SNP_004,0.5,TT,102,FALSE,0.924667103,0.178226307,T,C,TT
SNP_010,0.5,GG,102,FALSE,1.094396949,0.113354467,G,C,GG
SNP_011,0.5,AT,102,FALSE,0.746253307,0.687355525,T,A,AT
SNP_012,0.5,CT,102,FALSE,0.769696554,0.723713356,T,C,CT
SNP_015,0.5,AC,102,FALSE,0.72310284,0.803933434,C,A,AC
SNP_004,0.5,TT,201,TRUE,0.147332777,0.886063354,T,C,CC
SNP_010,0.5,CC,201,FALSE,0.215691008,1.05162378,G,C,CC
SNP_011,0.5,TT,201,FALSE,0.952324308,0.221190162,T,A,TT
SNP_012,0.5,CC,201,FALSE,0.043563009,0.979002778,T,C,CC
SNP_015,0.5,AA,201,FALSE,0.019248247,1.032153826,C,A,AA
SNP_004,0.5,CT,202,FALSE,0.52119297,0.774639533,T,C,CT
SNP_010,0.5,CC,202,FALSE,0.023255153,1.093705736,G,C,CC
SNP_011,0.5,TT,202,FALSE,1.088400443,0.095209668,T,A,TT
SNP_012,0.5,TT,202,FALSE,1.081020284,-0.00958443,T,C,TT
SNP_015,0.5,CC,202,FALSE,1.04195218,-0.03035198,C,A,CC
SNP_004,0.5,CT,203,FALSE,0.839721368,0.767585659,T,C,CT
SNP_010,0.5,GG,203,FALSE,0.902481997,0.16359572,G,C,GG
SNP_011,0.5,TT,203,FALSE,0.886175228,0.034667691,T,A,TT
SNP_012,0.5,CC,203,FALSE,-0.030984377,1.059311095,T,C,CC
SNP_015,0.5,AA,203,FALSE,-0.057934326,1.120007777,C,A,AA
SNP_004,0.5,CC,204,FALSE,-0.135943665,0.998731016,T,C,CC
SNP_010,0.5,CG,204,FALSE,0.720728943,0.853235302,G,C,CG
SNP_011,0.5,AA,204,FALSE,0.280958142,1.057650796,T,A,AA
SNP_012,0.5,TT,204,FALSE,0.996223421,0.009832883,T,C,TT
SNP_015,0.5,AC,204,FALSE,0.832170997,0.684511826,C,A,AC
SNP_004,0.5,TT,1012011,TRUE,0.841292097,0.79660993,T,C,CT
SNP_010,0.5,CG,1012011,FALSE,NA,NA,G,C,NA
SNP_011,0.5,AT,1012011,FALSE,0.839200342,0.496701016,T,A,AT
SNP_012,0.5,CT,1012011,FALSE,0.691487919,0.686496434,T,C,CT
SNP_015,0.5,AC,1012011,FALSE,0.767264935,0.643741332,C,A,AC
SNP_004,0.5,TT,1012021,FALSE,0.922149204,0.128689333,T,C,TT
SNP_010,0.5,CG,1012021,FALSE,0.778591777,0.828313694,G,C,CG
SNP_011,0.5,AT,1012021,FALSE,0.664064962,0.663106644,T,A,AT
SNP_012,0.5,TT,1012021,FALSE,0.969003078,0.075867875,T,C,TT
SNP_015,0.5,CC,1012021,FALSE,0.958359855,0.068711081,C,A,CC
SNP_004,0.5,CT,1022031,FALSE,0.838435581,0.610546645,T,C,CT
SNP_010,0.5,GG,1022031,FALSE,1.063940698,-0.025081375,G,C,GG
SNP_011,0.5,AT,1022031,FALSE,0.747848135,0.52413928,T,A,AT
SNP_012,0.5,CT,1022031,FALSE,0.746875078,0.721365278,T,C,CT
SNP_015,0.5,AA,1022031,FALSE,0.000398446,0.914439314,C,A,AA
SNP_004,0.5,CT,1022041,FALSE,0.827472837,0.66200796,T,C,CT
SNP_010,0.5,GG,1022041,FALSE,0.935667056,0.095353622,G,C,GG
SNP_011,0.5,AA,1022041,FALSE,0.184652329,0.91077288,T,A,AA
SNP_012,0.5,TT,1022041,FALSE,0.974363046,-0.017404944,T,C,TT
SNP_015,0.5,AC,1022041,FALSE,0.578540045,0.755788277,C,A,AC
